Product,Website,Best Product,Product Price,URL
water bottle,Wirecutter,Takeya Actives Insulated Water Bottle with Spout Lid (22 ounces),$34 from Amazon,https://www.nytimes.com/wirecutter/reviews/best-water-bottle/
water bottle,Forbes,Purist Mover,,https://www.forbes.com/sites/forbes-personal-shopper/2023/11/30/best-water-bottles/
water bottle,NY Mag,"Hydro Flask Standard Mouth Water Bottle - 24 Oz



  From 
  $23
  




 $40 now 43% off","From 
  $23",https://nymag.com/strategist/article/best-water-bottles.html
water bottle,CNET,Klean Kanteen 16 oz. TKWide Insulated Water Bottle with Twist Cap,$33 at Klean Kanteen,https://www.cnet.com/health/best-water-bottle/
water bottle,bestproducts.com,S'well S'well Stainless Steel Water Bottle,,https://www.bestproducts.com/fitness/equipment/a14770277/reviews-best-water-bottle/
